{
  "SAC": {
    "reward": 339.84913160609796,
    "sum_rate": 48.53402137831928,
    "sensing": 0.605650851610039,
    "secrecy": 0.9323776541787497,
    "energy": 0.003205743088967898
  },
  "Circle": {
    "reward": 0.9999899906145553,
    "sum_rate": 68.47918658641196,
    "sensing": 1.938622036228134,
    "leakage": 0.00024041932674367795,
    "energy": 0.004126476935479837,
    "safety": 0.0
  },
  "Greedy": {
    "reward": 0.9391726945011956,
    "sum_rate": 48.98700638590199,
    "sensing": 0.2540512909118261,
    "leakage": 0.004311962450098503,
    "energy": 0.0047050953736371675,
    "safety": 0.14045000000000066
  }
}